Acc,Loss,Elapsed,Epochs
96.57,0.10748250037431717,1.652557134628296,10.0
