Acc,Loss,Elapsed,Epochs
84.9,0.48328086733818054,0.28309059143066406,10.0
