Acc,Loss,Elapsed,Epochs
84.9,0.48328086733818054,0.2620556354522705,10.0
