Acc,Loss,Elapsed,Epochs
84.9,0.48328086733818054,0.25594520568847656,10.0
