Acc,Loss,Elapsed,Epochs
98.27,0.0034168229904025793,180.1993386745453,50.0
98.21,0.004579439759254456,180.39733266830444,50.0
98.22,0.001234459225088358,132.40797328948975,50.0
