Acc,Loss,Elapsed,Epochs
98.04,0.0048354193568229675,31.109726905822754,50.0
97.96,0.011738784611225128,31.132848978042603,50.0
98.32,0.006788269151002169,30.078502655029297,50.0
