Acc,Loss,Elapsed,Epochs
97.2,0.04582403600215912,2.3583807945251465,50.0
97.09,0.00960902962833643,1.1110374927520752,50.0
97.27,0.015571028925478458,1.3294641971588135,50.0
