Acc,Loss,Elapsed,Epochs
97.38,0.01354993786662817,180.1061680316925,50.0
97.33,0.04730713367462158,180.40196013450623,50.0
97.43,0.04774251952767372,140.77687811851501,50.0
