Acc,Loss,Elapsed,Epochs
98.05,0.0017928542802110314,180.18893599510193,50.0
97.68,0.06005074083805084,180.29838132858276,50.0
97.86,0.0020689622033387423,180.11394453048706,50.0
