Acc,Loss,Elapsed,Epochs
98.26,0.0046606590040028095,180.25015425682068,50.0
98.25,0.0050237528048455715,180.26239013671875,50.0
98.22,0.0025234902277588844,180.1150884628296,50.0
