Acc,Loss,Elapsed,Epochs
97.8,0.011688299477100372,9.762742042541504,50.0
98.03,0.018132081255316734,11.092514991760254,50.0
97.86,0.023725688457489014,8.97205138206482,50.0
