Acc,Loss,Elapsed,Epochs
97.61,0.030547020956873894,13.697255849838257,50.0
97.52,0.012438529171049595,2.424621343612671,50.0
97.56,0.026189202442765236,8.36470913887024,50.0
