Acc,Loss,Elapsed,Epochs
96.79,0.037538815289735794,55.76956033706665,50.0
96.15,0.03930142894387245,40.72135281562805,50.0
97.06,0.04177349805831909,21.715149879455566,50.0
