Acc,Loss,Elapsed,Epochs
97.82,0.005304840859025717,16.607540130615234,50.0
97.68,0.009666163474321365,8.04628849029541,50.0
97.5,0.006787245627492666,6.710739850997925,50.0
