Acc,Loss,Elapsed,Epochs
96.37,0.00663791736587882,44.77542567253113,50.0
96.19,0.12044414132833481,57.8849515914917,50.0
96.51,0.08596507459878922,25.962541341781616,50.0
