Acc,Loss,Elapsed,Epochs
97.77,0.001951477024704218,15.28429365158081,50.0
97.77,0.025345496833324432,5.5811707973480225,50.0
97.9,0.01763593591749668,2.490190267562866,50.0
