Acc,Loss,Elapsed,Epochs
96.72,0.011714662425220013,141.02813029289246,50.0
97.37,0.048069462180137634,119.884024143219,50.0
97.32,0.07747689634561539,152.52654266357422,50.0
