Acc,Loss,Elapsed,Epochs
98.12,0.026836253702640533,21.356642484664917,50.0
98.02,0.028280792757868767,16.66517734527588,50.0
97.89,0.013285115361213684,13.646953582763672,50.0
