Acc,Loss,Elapsed,Epochs
98.11,0.022826114669442177,11.908423662185669,50.0
98.09,0.020011289045214653,14.337382555007935,50.0
98.17,0.015474631451070309,24.405123472213745,50.0
