Acc,Loss,Elapsed,Epochs
98.23,0.006497845519334078,180.14760065078735,50.0
98.23,0.0035465301480144262,180.1250822544098,50.0
98.31,0.001650255755521357,180.2752411365509,50.0
