Acc,Loss,Elapsed,Epochs
97.77,0.010003405623137951,180.0987606048584,50.0
97.66,0.002009056741371751,180.12677145004272,50.0
98.09,0.005372065585106611,180.11262226104736,50.0
