Acc,Loss,Elapsed,Epochs
97.65,0.02201189287006855,10.830241918563843,50.0
97.74,0.024946577847003937,6.401960134506226,50.0
97.71,0.01759176142513752,9.415570974349976,50.0
