Acc,Loss,Elapsed,Epochs
97.79,0.007428445387631655,4.243972301483154,50.0
97.51,0.03772149235010147,2.7506237030029297,50.0
97.56,0.039698291569948196,1.8523483276367188,50.0
