Acc,Loss,Elapsed,Epochs
97.4,0.045377135276794434,114.00904154777527,50.0
97.3,0.10189782828092575,111.60973119735718,50.0
97.42,0.03597434610128403,180.0891182422638,50.0
