Acc,Loss,Elapsed,Epochs
97.24,0.04759497940540314,3.122201919555664,50.0
97.4,0.06817064434289932,9.171200275421143,50.0
97.41,0.06591906398534775,2.828345775604248,50.0
