Acc,Loss,Elapsed,Epochs
98.0,0.02319624274969101,28.39121174812317,50.0
97.97,0.009352726861834526,23.03270983695984,50.0
98.04,0.029402611777186394,31.034422159194946,50.0
