Acc,Loss,Elapsed,Epochs
98.23,0.006342263426631689,180.15638971328735,50.0
98.33,0.01771553047001362,180.11965203285217,50.0
98.38,0.023352498188614845,180.16013145446777,50.0
