Acc,Loss,Elapsed,Epochs
97.75,0.0010455693118274212,180.12305569648743,50.0
97.84,0.0005185611662454903,180.43628883361816,50.0
98.11,0.00037262067780829966,180.12029123306274,50.0
