Acc,Loss,Elapsed,Epochs
97.28,0.02756175398826599,2.5019426345825195,50.0
97.18,0.07806243747472763,0.85943603515625,50.0
96.97,0.06154582276940346,1.0868947505950928,50.0
