Acc,Loss,Elapsed,Epochs
97.55,0.01378317829221487,7.056313514709473,50.0
97.7,0.027172232046723366,10.410079717636108,50.0
97.59,0.05357518792152405,8.8157958984375,50.0
