Acc,Loss,Elapsed,Epochs
98.23,0.009595375508069992,180.20200037956238,50.0
98.27,0.027599923312664032,180.1624400615692,50.0
98.18,0.007290429901331663,180.23751544952393,50.0
