Acc,Loss,Elapsed,Epochs
97.85,0.01913769170641899,180.34632349014282,50.0
97.72,0.0246365237981081,180.4533290863037,50.0
97.79,0.010308158583939075,180.13339567184448,50.0
