Acc,Loss,Elapsed,Epochs
97.9,5.500631232280284e-05,180.1310155391693,50.0
98.13,0.0002051972405752167,180.12033224105835,50.0
98.0,0.0002529009070713073,180.1315312385559,50.0
