Acc,Loss,Elapsed,Epochs
97.76,0.026786573231220245,180.13818740844727,50.0
97.72,0.0005997684202156961,180.1276614665985,50.0
98.06,0.0008893909980542958,180.12385058403015,50.0
