Acc,Loss,Elapsed,Epochs
98.25,0.005634637083858252,40.46002006530762,50.0
98.3,0.006106942426413298,180.113627910614,50.0
98.27,0.009538162499666214,34.13175082206726,50.0
