Acc,Loss,Elapsed,Epochs
98.13,0.0010399209568277001,33.666749238967896,50.0
98.06,0.00600420543923974,29.112135887145996,50.0
98.22,0.004730989690870047,36.61361384391785,50.0
