Acc,Loss,Elapsed,Epochs
97.18,0.029098981991410255,2.061108350753784,50.0
97.22,0.06226077303290367,2.04762864112854,50.0
97.32,0.07439608126878738,2.329385995864868,50.0
