Acc,Loss,Elapsed,Epochs
97.8,0.0011221013264730573,180.1341633796692,50.0
98.17,9.428054909221828e-05,180.27056527137756,50.0
98.11,0.0014084222493693233,180.15924048423767,50.0
