Acc,Loss,Elapsed,Epochs
97.57,0.011403083801269531,180.1037437915802,50.0
97.3,0.003172081895172596,123.15721940994263,50.0
97.58,0.008276264183223248,180.1282570362091,50.0
