Acc,Loss,Elapsed,Epochs
98.03,0.01272683683782816,33.16246747970581,50.0
97.9,0.007421480026096106,31.946194648742676,50.0
97.99,0.005203774198889732,22.754660606384277,50.0
