Acc,Loss,Elapsed,Epochs
97.19,0.03379464149475098,1.2297577857971191,50.0
97.37,0.02145720086991787,0.970665693283081,50.0
97.04,0.0543941967189312,1.340294599533081,50.0
