Acc,Loss,Elapsed,Epochs
97.5,0.024546267464756966,6.847246885299683,50.0
97.62,0.022322990000247955,8.410041809082031,50.0
97.7,0.04965734854340553,12.286347150802612,50.0
