Acc,Loss,Elapsed,Epochs
96.83,0.1217157319188118,0.9207870960235596,50.0
96.68,0.057243164628744125,0.9958736896514893,50.0
96.84,0.04923674091696739,0.7137126922607422,50.0
