Acc,Loss,Elapsed,Epochs
98.07,0.011992652900516987,24.912580966949463,50.0
98.08,0.030818996950984,15.981649160385132,50.0
98.07,0.010485594160854816,14.97577977180481,50.0
