Acc,Loss,Elapsed,Epochs
97.67,0.04074198380112648,4.603959321975708,50.0
97.64,0.014433607459068298,3.9882280826568604,50.0
97.47,0.04363347962498665,6.638784646987915,50.0
