Acc,Loss,Elapsed,Epochs
97.38,0.014086195267736912,159.13255381584167,50.0
97.45,0.010266327299177647,70.33952403068542,50.0
97.63,0.026906713843345642,180.11767721176147,50.0
