Acc,Loss,Elapsed,Epochs
97.72,0.00678427517414093,19.710147857666016,50.0
97.77,0.005236385855823755,6.066348075866699,50.0
97.55,0.02277388982474804,3.5927891731262207,50.0
