Acc,Loss,Elapsed,Epochs
98.03,0.008205139078199863,19.71827983856201,50.0
98.14,0.012121890671551228,17.852542638778687,50.0
98.18,0.01790054328739643,15.706098079681396,50.0
