Acc,Loss,Elapsed,Epochs
98.27,0.02830328233540058,85.96751523017883,50.0
98.28,0.011647696606814861,80.46064615249634,50.0
98.22,0.015393861569464207,33.24377489089966,50.0
