Acc,Loss,Elapsed,Epochs
98.1,0.00015539291780442,180.12258338928223,50.0
97.88,0.00548753933981061,180.11454463005066,50.0
98.11,0.0002254595310660079,180.1561152935028,50.0
