Acc,Loss,Elapsed,Epochs
97.99,0.012764484621584415,31.3380286693573,50.0
98.12,0.01962137036025524,31.50584053993225,50.0
98.12,0.005318314302712679,25.132673025131226,50.0
