Acc,Loss,Elapsed,Epochs
98.14,0.021442674100399017,26.08179783821106,50.0
98.03,0.012413163669407368,22.466880083084106,50.0
98.09,0.005790533032268286,19.420600414276123,50.0
