Acc,Loss,Elapsed,Epochs
98.02,0.005185794085264206,5.4283287525177,50.0
97.72,0.01588839665055275,4.5917067527771,50.0
97.75,0.020987732335925102,4.859943628311157,50.0
