Acc,Loss,Elapsed,Epochs
97.86,0.07917123287916183,180.12617540359497,50.0
97.58,0.025956762954592705,180.1997995376587,50.0
97.55,0.026072198525071144,180.37227988243103,50.0
