Acc,Loss,Elapsed,Epochs
98.0,0.004563984926789999,9.863053321838379,50.0
98.02,0.0033717695623636246,8.75609827041626,50.0
97.96,0.008852805010974407,7.880304336547852,50.0
