Acc,Loss,Elapsed,Epochs
98.3,0.005932528991252184,180.18580746650696,50.0
98.17,0.004521045833826065,180.15079545974731,50.0
98.28,0.004381693433970213,180.1891734600067,50.0
