Acc,Loss,Elapsed,Epochs
97.82,0.009854142554104328,44.37793254852295,50.0
98.07,0.0023985449224710464,39.45505237579346,50.0
98.21,0.009411032311618328,27.634210109710693,50.0
