Acc,Loss,Elapsed,Epochs
95.71,0.19762782752513885,0.4302854537963867,50.0
95.98,0.09342088550329208,0.6765730381011963,50.0
95.98,0.11535140126943588,0.7076804637908936,50.0
