Acc,Loss,Elapsed,Epochs
98.24,0.0009126848890446126,180.161869764328,50.0
98.15,0.010085325688123703,180.40615582466125,50.0
98.12,0.0015301330713555217,180.18312287330627,50.0
