Acc,Loss,Elapsed,Epochs
95.62,0.08465569466352463,0.5983085632324219,50.0
96.25,0.04002628102898598,0.5123765468597412,50.0
96.03,0.045765433460474014,0.6198992729187012,50.0
