Acc,Loss,Elapsed,Epochs
97.98,0.01579439640045166,15.495393991470337,50.0
98.0,0.021151619032025337,31.3674054145813,50.0
98.0,0.02902194857597351,15.776773691177368,50.0
