Acc,Loss,Elapsed,Epochs
98.02,0.004183728713542223,28.713363885879517,50.0
98.1,0.0051052928902208805,48.335925579071045,50.0
98.29,0.004445578437298536,28.62841510772705,50.0
