Acc,Loss,Elapsed,Epochs
96.98,0.02154318243265152,1.1994242668151855,50.0
97.12,0.057118043303489685,1.6602835655212402,50.0
96.97,0.051423508673906326,1.4854285717010498,50.0
