Acc,Loss,Elapsed,Epochs
96.7,0.08926349133253098,0.764333963394165,50.0
96.54,0.01605202443897724,0.7122056484222412,50.0
96.67,0.052732303738594055,1.484806776046753,50.0
