Acc,Loss,Elapsed,Epochs
97.26,0.024396255612373352,125.51427960395813,50.0
97.13,0.02127191238105297,180.0965292453766,50.0
96.82,0.12912867963314056,140.20826387405396,50.0
