Acc,Loss,Elapsed,Epochs
97.77,0.003624085569754243,11.719372510910034,50.0
97.65,0.02758054994046688,8.134331703186035,50.0
97.49,0.04492681846022606,7.099214315414429,50.0
