Acc,Loss,Elapsed,Epochs
97.73,0.01106848195195198,168.21332955360413,50.0
97.75,0.020580638200044632,180.10676312446594,50.0
97.62,0.06804110109806061,180.20761156082153,50.0
