Acc,Loss,Elapsed,Epochs
97.43,0.007612204644829035,2.318342447280884,50.0
97.45,0.09320718795061111,1.7272794246673584,50.0
97.3,0.03008478321135044,1.2775347232818604,50.0
