Acc,Loss,Elapsed,Epochs
98.24,0.008322181180119514,180.81946778297424,50.0
98.19,0.015054960735142231,46.093250036239624,50.0
98.35,0.020349854603409767,49.585660219192505,50.0
