Acc,Loss,Elapsed,Epochs
98.28,0.0053790961392223835,180.19296097755432,50.0
98.11,0.0058662439696490765,180.14736342430115,50.0
98.28,0.0041051930747926235,180.27412748336792,50.0
