Acc,Loss,Elapsed,Epochs
98.17,0.006187535356730223,28.22537660598755,50.0
98.11,0.0020466085989028215,29.329528093338013,50.0
98.3,0.005603696685284376,38.80518317222595,50.0
