Acc,Loss,Elapsed,Nodes,Arch
55.84,0.7002235651016235,180.1228268146515,1.0,6x500
