Acc,Loss,Elapsed,Nodes,Arch
55.24,0.9769365191459656,180.00849199295044,1.0,6x300
