Acc,Loss,Elapsed,Nodes,Arch
45.47,1.5539932250976562,180.52674913406372,1.0,4x1000
