Acc,Loss,Elapsed,Nodes,Arch
52.88,1.0599926710128784,180.00443291664124,1.0,2x1000
