Acc,Loss,Elapsed,Nodes,Arch
49.98,1.462406873703003,180.0606391429901,1.0,4x1000
