Acc,Loss,Elapsed,Nodes,Arch
53.98,1.0892784595489502,180.0049750804901,1.0,2x1000
