Acc,Loss,Elapsed,Nodes,Arch
55.43,0.3158509135246277,180.03164911270142,1.0,6x1000
