Acc,Loss,Elapsed,Nodes,Arch
55.95,0.8587883114814758,180.04024815559387,1.0,10x1000
