Acc,Loss,Elapsed,Nodes,Arch
10.0,2.3046412467956543,41.75963115692139,0.0,10x1000
