Acc,Loss,Elapsed,Nodes,Arch
54.32,0.8918895721435547,180.01040506362915,1.0,6x300
