Acc,Loss,Elapsed,Nodes,Arch
36.23,1.7009176015853882,180.00633788108826,1.0,6x500
