Acc,Loss,Elapsed,Nodes,Arch
56.7,1.2309608459472656,180.00583291053772,1.0,6x500
