Acc,Loss,Elapsed,Nodes,Arch
54.01,0.594691276550293,180.01722598075867,1.0,2x2000
