Acc,Loss,Elapsed,Nodes,Arch
56.61,0.8309223055839539,183.39356303215027,0.0,2x6144-1x9216-2x6144-2x3072-2x1000-1x500-1x100
