Acc,Loss,Elapsed,Nodes,Arch
55.78,0.5270875692367554,180.08390998840332,1.0,6x1000
