Acc,Loss,Elapsed,Nodes,Arch
55.35,0.873120129108429,180.06238102912903,1.0,6x1000
