Acc,Loss,Elapsed,Nodes,Arch
10.0,2.306246280670166,180.03937911987305,3.0,20x500
