Acc,Loss,Elapsed,Nodes,Arch
55.58,0.45915287733078003,180.0014820098877,1.0,6x500
