Acc,Loss,Elapsed,Nodes,Arch
56.41,0.9040611982345581,180.01901388168335,1.0,2x2000
