Acc,Loss,Elapsed,Nodes,Arch
48.29,1.3419142961502075,180.03312993049622,1.0,2x2000
