Acc,Loss,Elapsed,Nodes,Arch
49.49,1.4964872598648071,180.12229180335999,1.0,6x500
