Acc,Loss,Elapsed,Nodes,Arch
10.0,2.3033225536346436,180.04125094413757,3.0,15x500
