Acc,Loss,Elapsed,Nodes,Arch
55.89,0.7734024524688721,180.04009413719177,15.0,10x500
