Acc,Loss,Elapsed,Nodes,Arch
10.0,2.3032689094543457,20.403532028198242,0.0,15x500
