Acc,Loss,Elapsed,Nodes,Arch
51.27,1.2037664651870728,44.572792053222656,1.0,2x100
