Acc,Loss,Elapsed,Nodes,Arch
58.05,0.26967400312423706,199.19385504722595,0.0,2x6144-1x9216-2x6144-2x3072-2x1000-1x500-1x100
