Acc,Loss,Elapsed,Nodes,Arch
44.95,1.526991367340088,180.02006697654724,1.0,2x2000
