Acc,Loss,Elapsed,Nodes,Arch
57.07,0.9661557078361511,180.03452706336975,7.0,10x500
