Acc,Loss,Elapsed,Nodes,Arch
10.0,2.3063292503356934,180.04036498069763,1.0,20x500
