Acc,Loss,Elapsed,Nodes,Arch
10.0,2.301927089691162,17.386166095733643,0.0,10x500
