Acc,Loss,Elapsed,Nodes,Arch
54.86,0.7779818773269653,180.01729893684387,1.0,2x2000
