Acc,Loss,Elapsed,Epochs
97.04,0.03326276317238808,1.292952537536621,50.0
97.07,0.01638208143413067,0.8884258270263672,50.0
96.9,0.013697999529540539,0.8122701644897461,50.0
