Acc,Loss,Elapsed,Epochs
97.82,0.00475876173004508,16.033143758773804,50.0
97.82,0.010754074901342392,7.399813652038574,50.0
97.68,0.03749895468354225,9.006268978118896,50.0
