Acc,Loss,Elapsed,Epochs
97.66,0.006142869591712952,19.846436262130737,50.0
97.62,0.005373333115130663,7.285235166549683,50.0
97.54,0.0092118876054883,7.515645503997803,50.0
