Acc,Loss,Elapsed,Epochs
97.82,0.0014543334254994988,13.05311894416809,50.0
97.75,0.006045143585652113,2.6898298263549805,50.0
97.75,0.02085413597524166,7.200172424316406,50.0
