Acc,Loss,Elapsed,Epochs
97.75,0.08839555829763412,2.934630870819092,50.0
97.74,0.034546758979558945,1.3107082843780518,50.0
97.55,0.02334207482635975,1.64597749710083,50.0
