Acc,Loss,Elapsed,Nodes,Arch
98.13,0.019016878679394722,18.876235008239746,3010.0,1x57-1x144
