Acc,Loss,Elapsed,Nodes,Arch
98.04,0.0010240235133096576,180.11332511901855,11566.0,2x200
