Acc,Loss,Elapsed,Nodes,Arch
97.95,0.0013240360422059894,180.07273411750793,17449.0,2x200
