Acc,Loss,Elapsed,Nodes,Arch
97.77,9.031626541400328e-05,180.03189301490784,1274.0,6x100
