Acc,Loss,Elapsed,Nodes,Arch
97.47,0.006292944308370352,105.61624503135681,5685.0,1x44-1x71-1x49-1x53-1x49-1x45
