Acc,Loss,Elapsed,Nodes,Arch
97.97,0.0024882424622774124,39.39503192901611,3019.0,2x100
