Acc,Loss,Elapsed,Nodes,Arch
97.47,0.01072560716420412,21.222270011901855,12040.0,2x50
