Acc,Loss,Elapsed,Nodes,Arch
98.04,0.012417932040989399,23.96140718460083,2997.0,1x59-1x140
