Acc,Loss,Elapsed,Nodes,Arch
97.25,0.006010493729263544,8.452402114868164,9497.0,2x50
