Acc,Loss,Elapsed,Nodes,Arch
97.6,6.005989052937366e-05,180.0372610092163,11557.0,6x100
