Acc,Loss,Elapsed,Nodes,Arch
97.55,0.002766466699540615,15.156930923461914,5820.0,2x50
