Acc,Loss,Elapsed,Nodes,Arch
97.96,0.001779633923433721,40.4039409160614,2971.0,2x100
