Acc,Loss,Elapsed,Nodes,Arch
98.08,0.018008967861533165,19.254637956619263,3111.0,1x61-1x80
