Acc,Loss,Elapsed,Nodes,Arch
98.01,0.009000091813504696,15.68295407295227,2996.0,1x61-1x87
