Acc,Loss,Elapsed,Nodes,Arch
97.67,8.251458893937524e-06,180.05111503601074,14120.0,6x100
