Acc,Loss,Elapsed,Nodes,Arch
98.14,0.0013320106081664562,180.0658619403839,24116.0,2x200
