Acc,Loss,Elapsed,Nodes,Arch
97.73,0.04267968237400055,1.8112611770629883,882.0,1x39-1x42
