Acc,Loss,Elapsed,Nodes,Arch
98.04,0.01968321204185486,18.941745042800903,5834.0,1x63-1x86
