Acc,Loss,Elapsed,Nodes,Arch
97.76,0.001547658466733992,35.63795495033264,3112.0,2x100
