Acc,Loss,Elapsed,Nodes,Arch
97.49,0.07492286711931229,3.9230711460113525,6277.0,1x30-1x42
