Acc,Loss,Elapsed,Nodes,Arch
94.06,0.14508740603923798,26.325763940811157,10857.0,2x40
