Acc,Loss,Elapsed,Nodes,Arch
90.58,0.2044195681810379,0.8974170684814453,1.0,2x40
