Acc,Loss,Elapsed,Nodes,Arch
90.58,0.2044195681810379,5.181661128997803,3322.0,2x40
