Acc,Loss,Elapsed,Nodes,Arch
94.06,0.14508740603923798,29.5498309135437,13322.0,2x40
