Acc,Loss,Elapsed,Nodes,Arch
90.58,0.2044195681810379,1.1672649383544922,1.0,2x40
