Acc,Loss,Elapsed,Nodes,Arch
90.58,0.2044195681810379,2.246699094772339,851.0,2x40
