Acc,Loss,Elapsed,Nodes,Arch
90.58,0.2044195681810379,0.8315629959106445,1.0,2x40
