Acc,Loss,Elapsed,Nodes,Arch
95.62,0.0932956114411354,6.821351051330566,6898.0,2x40
