Acc,Loss,Elapsed,Nodes,Arch
94.06,0.14508740603923798,1.666834831237793,1.0,2x40
