Acc,Loss,Elapsed,Nodes,Arch
90.58,0.2044195681810379,1.7861418724060059,750.0,2x40
