Acc,Loss,Elapsed,Nodes,Arch
90.58,0.2044195681810379,0.6021218299865723,1.0,2x40
