Acc,Loss,Elapsed,Nodes,Arch
90.58,0.2044195681810379,0.65584397315979,1.0,2x40
