Acc,Loss,Elapsed,Nodes,Arch
90.58,0.2044195681810379,1.0029850006103516,1.0,2x40
