Acc,Loss,Elapsed,Nodes,Arch
90.58,0.2044195681810379,1.1015629768371582,1.0,2x40
