Acc,Loss,Elapsed,Nodes,Arch
94.06,0.14508740603923798,9.112664937973022,6237.0,2x40
