Acc,Loss,Elapsed,Nodes,Arch
90.58,0.2044195681810379,0.8493609428405762,1.0,2x40
