Acc,Loss,Elapsed,Nodes,Arch
94.06,0.14508740603923798,0.9099080562591553,1.0,2x40
