Acc,Loss,Elapsed,Nodes,Arch
90.58,0.2044195681810379,1.6661150455474854,313.0,2x40
