Acc,Loss,Elapsed,Nodes,Arch
90.58,0.2044195681810379,3.715951919555664,3735.0,2x40
