Acc,Loss,Elapsed,Nodes,Arch
90.58,0.2044195681810379,1.3619499206542969,1.0,2x40
