Acc,Loss,Elapsed,Nodes,Arch
94.06,0.14508740603923798,0.9834611415863037,1.0,2x40
