Acc,Loss,Elapsed,Nodes,Arch
90.58,0.2044195681810379,1.0471079349517822,1.0,2x40
