Acc,Loss,Elapsed,Nodes,Arch
94.06,0.14508740603923798,1.2319309711456299,1.0,2x40
