Acc,Loss,Elapsed,Nodes,Arch
94.06,0.14508740603923798,4.534204959869385,2534.0,2x40
