Acc,Loss,Elapsed,Nodes,Arch
90.58,0.2044195681810379,1.1868550777435303,1.0,2x40
