Acc,Loss,Elapsed,Nodes,Arch
97.77,9.031626541400328e-05,1800.0247449874878,798306.0,6x100
