Acc,Loss,Elapsed,Nodes,Arch
97.52,0.020988034084439278,15.880940914154053,1.0,1x39-1x82-2x61-1x60-1x54
