Acc,Loss,Elapsed,Nodes,Arch
97.67,8.251458893937524e-06,818.1879658699036,14334.0,6x100
