Acc,Loss,Elapsed,Nodes,Arch
97.67,8.251458893937524e-06,1800.10001206398,184954.0,6x100
