Acc,Loss,Elapsed,Nodes,Arch
97.77,9.031626541400328e-05,1800.0359041690826,237328.0,6x100
