Acc,Loss,Elapsed,Nodes,Arch
98.04,0.0010240235133096576,563.2452549934387,17597.0,2x200
