Acc,Loss,Elapsed,Nodes,Arch
98.14,0.0013320106081664562,439.170578956604,40075.0,2x200
