Acc,Loss,Elapsed,Nodes,Arch
97.95,0.0013240360422059894,781.8976790904999,58656.0,2x200
