Acc,Loss,Elapsed,Nodes,Arch
98.14,0.0013320106081664562,1800.371994972229,424758.0,2x200
