Acc,Loss,Elapsed,Nodes,Arch
98.04,0.0010240235133096576,1800.179752111435,401361.0,2x200
