Acc,Loss,Elapsed,Nodes,Arch
97.6,6.005989052937366e-05,1800.0655670166016,138918.0,6x100
