Acc,Loss,Elapsed,Nodes,Arch
97.6,6.005989052937366e-05,474.7657549381256,15261.0,6x100
