Acc,Loss,Elapsed,Nodes,Arch
97.77,9.031626541400328e-05,7641.897785186768,1122175.0,6x100
