Acc,Loss,Elapsed,Nodes,Arch
97.67,8.251458893937524e-06,18000.10511803627,1668037.0,6x100
