Acc,Loss,Elapsed,Nodes,Arch
98.04,0.0010240235133096576,572.1110939979553,17597.0,2x200
