Acc,Loss,Elapsed,Nodes,Arch
98.14,0.0013320106081664562,462.4359040260315,40075.0,2x200
