Acc,Loss,Elapsed,Nodes,Arch
98.14,0.0013320106081664562,18000.26657295227,5684345.0,2x200
