Acc,Loss,Elapsed,Nodes,Arch
97.95,0.0013240360422059894,497.9431049823761,6014.0,2x200
