Acc,Loss,Elapsed,Nodes,Arch
97.77,9.031626541400328e-05,1865.8887588977814,848845.0,6x100
