Acc,Loss,Elapsed,Nodes,Arch
97.67,8.251458893937524e-06,812.5337250232697,14334.0,6x100
