Acc,Loss,Elapsed,Nodes,Arch
97.6,6.005989052937366e-05,18000.024440050125,1819698.0,6x100
