Acc,Loss,Elapsed,Nodes,Arch
97.6,6.005989052937366e-05,479.7688238620758,15261.0,6x100
