Acc,Loss,Elapsed,Nodes,Arch
98.04,0.0010240235133096576,18000.125385046005,9280728.0,2x200
