Acc,Loss,Elapsed,Nodes,Arch
97.95,0.0013240360422059894,856.1650748252869,58656.0,2x200
