Acc,Loss,Elapsed,Nodes,Arch
98.04,0.012417932040989399,36.81504678726196,17418.0,1x59-1x140
