Acc,Loss,Elapsed,Nodes,Arch
97.47,0.01072560716420412,21.601155042648315,15814.0,2x50
