Acc,Loss,Elapsed,Nodes,Arch
98.14,0.0013320106081664562,180.12280297279358,23378.0,2x200
