Acc,Loss,Elapsed,Nodes,Arch
98.13,0.019016878679394722,21.060489892959595,11349.0,1x57-1x144
