Acc,Loss,Elapsed,Nodes,Arch
97.52,0.020988034084439278,180.02704691886902,13040.0,1x39-1x82-2x61-1x60-1x54
