Acc,Loss,Elapsed,Nodes,Arch
97.67,8.251458893937524e-06,180.05252504348755,14136.0,6x100
