Acc,Loss,Elapsed,Nodes,Arch
97.76,0.001547658466733992,180.02938199043274,111926.0,2x100
