Acc,Loss,Elapsed,Nodes,Arch
97.97,0.0024882424622774124,152.96821689605713,72451.0,2x100
