Acc,Loss,Elapsed,Nodes,Arch
98.04,0.0010240235133096576,180.03828191757202,10136.0,2x200
