Acc,Loss,Elapsed,Nodes,Arch
97.96,0.009630673564970493,47.207515001297,24876.0,1x56-1x144
