Acc,Loss,Elapsed,Nodes,Arch
97.77,9.031626541400328e-05,180.06027722358704,1495.0,6x100
