Acc,Loss,Elapsed,Nodes,Arch
97.95,0.0013240360422059894,180.0845410823822,19237.0,2x200
