Acc,Loss,Elapsed,Nodes,Arch
97.49,0.07492286711931229,3.872359037399292,6277.0,1x30-1x42
