Acc,Loss,Elapsed,Nodes,Arch
98.08,0.018008967861533165,26.728648900985718,9388.0,1x61-1x80
