Acc,Loss,Elapsed,Nodes,Arch
97.6,6.005989052937366e-05,180.02517890930176,11791.0,6x100
