Acc,Loss,Elapsed,Nodes,Arch
97.73,0.04267968237400055,1.7991359233856201,882.0,1x39-1x42
