Acc,Loss,Elapsed,Nodes,Arch
97.55,0.002766466699540615,17.45359992980957,12325.0,2x50
