Acc,Loss,Elapsed,Nodes,Arch
97.96,0.001779633923433721,88.32825899124146,25289.0,2x100
