Acc,Loss,Elapsed,Nodes,Arch
97.77,0.017686404287815094,2.8785250186920166,6024.0,1x39-1x43
