Acc,Loss,Elapsed,Nodes,Arch
98.01,0.009000091813504696,16.391582012176514,10132.0,1x61-1x87
