Acc,Loss,Elapsed,Nodes,Arch
98.04,0.01968321204185486,27.855677843093872,14102.0,1x63-1x86
