Acc,Loss,Elapsed,Nodes,Arch
97.98,0.0026095279026776552,1800.0414581298828,4.0,6x500
98.11,0.00016993690223898739,1800.1511490345001,102.0,6x500
98.21,0.00039111098158173263,1800.0305490493774,2.0,1x498-5x500
