Acc,Loss,Elapsed,Nodes,Arch
97.94,0.006138721015304327,1800.2017300128937,593.0,1x408-1x481-1x421-1x382-1x376-1x402
98.07,0.0003843917802441865,1800.071455001831,59.0,1x414-1x486-1x415-1x398-1x402-1x417
98.31,0.002058157930150628,1800.1731297969818,223.0,1x401-1x454-1x398-1x382-1x395-1x405
