Acc,Loss,Elapsed,Nodes,Arch
98.18,0.000346575427101925,1800.0894329547882,59.0,1x452-5x500
97.94,0.003427305957302451,1800.081079006195,5.0,1x477-5x500
98.1,0.000538886000867933,1800.5289368629456,47.0,1x447-5x500
