Acc,Loss,Elapsed,Nodes,Arch
98.02,0.0004009949043393135,1800.0486979484558,28.0,1x498-5x500
98.13,0.00016631190374027938,1800.3077988624573,61.0,1x498-5x500
97.93,0.00024880957789719105,1800.1147289276123,23.0,1x498-5x500
