Acc,Loss,Elapsed,Nodes,Arch
98.06,0.005280537065118551,1800.0869798660278,5825.0,1x257-1x292-1x245-1x234-1x204-1x232
98.07,0.0003872970410156995,1800.0853769779205,6642.0,1x260-1x297-1x243-1x231-1x236-1x245
98.12,0.0006949385278858244,1800.1064739227295,6717.0,1x265-1x276-1x227-1x218-1x217-1x220
