Acc,Loss,Elapsed,Nodes,Arch
98.12,0.0034507575910538435,1800.1764380931854,770.0,1x414-1x443-1x343-1x297-1x283-1x282
98.11,0.0013030711561441422,1800.0589020252228,27.0,1x423-1x498-1x403-2x343-1x352
97.96,0.0011640185257419944,1800.0792779922485,5.0,1x426-1x492-1x394-1x348-1x356-1x369
