Acc,Loss,Elapsed,Nodes,Arch
98.11,8.209524094127119e-05,1800.0510261058807,28.0,6x500
98.12,0.00012108194641768932,1800.5527000427246,48.0,6x500
98.26,6.576325540663674e-05,1800.0373768806458,12.0,6x500
