Acc,Loss,Elapsed,Nodes,Arch
98.18,7.209639443317428e-05,1800.0378050804138,14.0,6x500
98.21,3.141437264275737e-05,1800.0316920280457,5.0,6x500
98.16,0.00010574585758149624,1800.439218044281,46.0,6x500
