Acc,Loss,Elapsed,Nodes,Arch
98.13,0.00015619589248672128,1800.414470911026,46.0,6x500
98.04,2.6109599275514483e-05,1800.4772908687592,59.0,6x500
98.22,0.000106552462966647,1800.0384240150452,10.0,6x500
