Acc,Loss,Elapsed,Nodes,Arch
97.77,0.017686404287815094,3.2215499877929688,3328.0,1x39-1x43
