Acc,Loss,Elapsed,Epochs
97.55,0.002766466699540615,14.882405519485474,50.0
97.47,0.01072560716420412,20.64798355102539,50.0
97.25,0.006010493729263544,8.07347059249878,50.0
