Acc,Loss,Elapsed,Epochs
98.14,0.0013320106081664562,180.2271945476532,50.0
98.04,0.0010240235133096576,180.2301619052887,50.0
97.95,0.0013240360422059894,180.13742542266846,50.0
