Acc,Loss,Elapsed,Epochs
97.96,0.001779633923433721,39.29190731048584,50.0
97.76,0.001547658466733992,35.014118909835815,50.0
97.97,0.0024882424622774124,39.000659704208374,50.0
