Acc,Loss,Elapsed,Nodes,Arch
97.67,8.251458893937524e-06,180.02202892303467,1.0,6x100
