Acc,Loss,Elapsed,Nodes,Arch
97.76,0.001547658466733992,22.78917908668518,1.0,2x100
