Acc,Loss,Elapsed,Nodes,Arch
97.55,0.002766466699540615,5.134979009628296,1.0,2x50
