Acc,Loss,Elapsed,Nodes,Arch
98.04,0.01968321204185486,7.14355993270874,1.0,1x63-1x86
