Acc,Loss,Elapsed,Nodes,Arch
98.01,0.009000091813504696,7.381383180618286,1.0,1x61-1x87
