Acc,Loss,Elapsed,Nodes,Arch
98.14,0.0013320106081664562,57.00538897514343,5872.0,2x200
