Acc,Loss,Elapsed,Nodes,Arch
97.77,9.031626541400328e-05,180.0212631225586,1.0,6x100
