Acc,Loss,Elapsed,Nodes,Arch
97.49,0.07492286711931229,1.8454468250274658,1.0,1x30-1x42
