Acc,Loss,Elapsed,Nodes,Arch
97.6,6.005989052937366e-05,180.01906490325928,1.0,6x100
