Acc,Loss,Elapsed,Nodes,Arch
97.96,0.001779633923433721,5.910952806472778,1.0,2x100
