Acc,Loss,Elapsed,Nodes,Arch
97.96,0.001779633923433721,19.17872905731201,1.0,2x100
