Acc,Loss,Elapsed,Nodes,Arch
97.95,0.0013240360422059894,68.40970206260681,1.0,2x200
