Acc,Loss,Elapsed,Nodes,Arch
97.73,0.04267968237400055,2.28695011138916,1.0,1x39-1x42
