Acc,Loss,Elapsed,Nodes,Arch
97.67,8.251458893937524e-06,180.0225110054016,14879.0,6x100
