Acc,Loss,Elapsed,Nodes,Arch
97.47,0.01072560716420412,4.6351470947265625,1.0,2x50
