Acc,Loss,Elapsed,Nodes,Arch
98.14,0.0013320106081664562,60.76101207733154,1.0,2x200
