Acc,Loss,Elapsed,Nodes,Arch
97.25,0.006010493729263544,1.3842930793762207,1.0,2x50
