Acc,Loss,Elapsed,Nodes,Arch
97.47,0.006292944308370352,102.89501094818115,1.0,1x44-1x71-1x49-1x53-1x49-1x45
