Acc,Loss,Elapsed,Nodes,Arch
98.04,0.0010240235133096576,69.59618020057678,1.0,2x200
