Acc,Loss,Elapsed,Nodes,Arch
98.04,0.012417932040989399,7.71560001373291,1.0,1x59-1x140
