Acc,Loss,Elapsed,Nodes,Arch
97.47,0.01072560716420412,1.430851936340332,1.0,2x50
