Acc,Loss,Elapsed,Nodes,Arch
97.76,0.001547658466733992,6.17284893989563,1.0,2x100
