Acc,Loss,Elapsed,Nodes,Arch
98.08,0.018008967861533165,6.430726051330566,1.0,1x61-1x80
