Acc,Loss,Elapsed,Nodes,Arch
97.97,0.0024882424622774124,6.263865947723389,1.0,2x100
