Acc,Loss,Elapsed,Nodes,Arch
97.25,0.006010493729263544,4.5426881313323975,1.0,2x50
