Acc,Loss,Elapsed,Nodes,Arch
97.21,0.023822186514735222,69.89380407333374,3299.0,1x37-1x72-1x48-1x51-1x48-1x46
