Acc,Loss,Elapsed,Nodes,Arch
98.04,0.0010240235133096576,41.93905186653137,3953.0,2x200
