Acc,Loss,Elapsed,Nodes,Arch
97.77,9.031626541400328e-05,180.02134203910828,1.0,6x100
