Acc,Loss,Elapsed,Nodes,Arch
97.97,0.0024882424622774124,20.728994846343994,1.0,2x100
