Acc,Loss,Elapsed,Nodes,Arch
97.55,0.002766466699540615,1.9408459663391113,53.0,2x50
