Acc,Loss,Elapsed,Nodes,Arch
98.13,0.019016878679394722,9.2407968044281,1.0,1x57-1x144
