Acc,Loss,Elapsed,Nodes,Arch
97.77,0.017686404287815094,2.281838893890381,1.0,1x39-1x43
