Acc,Loss,Elapsed,Nodes,Arch
97.96,0.009630673564970493,8.474364995956421,1.0,1x56-1x144
