Acc,Loss,Elapsed,Nodes,Arch
97.95,0.0013240360422059894,43.44740390777588,3181.0,2x200
