Acc,Loss,Elapsed,Epochs
96.89,0.0250762477517128,6.129346132278442,10.0
