Acc,Loss,Elapsed,Nodes,Arch
97.96,0.009630673564970493,30.864388942718506,18327.0,1x56-1x144
