Acc,Loss,Elapsed,Nodes,Arch
97.96,0.009630673564970493,30.17487907409668,18327.0,1x56-1x144
