Acc,Loss,Elapsed,Nodes,Arch
98.01,0.009000091813504696,15.647742986679077,2996.0,1x61-1x87
