Acc,Loss,Elapsed,Nodes,Arch
98.04,0.012417932040989399,23.163105010986328,2997.0,1x59-1x140
