Acc,Loss,Elapsed,Nodes,Arch
98.13,0.019016878679394722,18.22069811820984,3010.0,1x57-1x144
