Acc,Loss,Elapsed,Nodes,Arch
97.49,0.07492286711931229,3.718235969543457,6277.0,1x30-1x42
