Acc,Loss,Elapsed,Nodes,Arch
98.04,0.012417932040989399,22.826426029205322,2997.0,1x59-1x140
