Acc,Loss,Elapsed,Nodes,Arch
98.08,0.018008967861533165,18.43827986717224,3111.0,1x61-1x80
