Acc,Loss,Elapsed,Nodes,Arch
98.04,0.01968321204185486,18.561390161514282,5834.0,1x63-1x86
