Acc,Loss,Elapsed,Nodes,Arch
97.55,0.002766466699540615,6.529438018798828,3086.0,2x50
