Acc,Loss,Elapsed,Nodes,Arch
97.96,0.009630673564970493,7.602502107620239,3105.0,1x56-1x144
