Acc,Loss,Elapsed,Nodes,Arch
98.04,0.012417932040989399,6.70988392829895,2990.0,1x59-1x140
