Acc,Loss,Elapsed,Nodes,Arch
97.96,0.001779633923433721,13.38097095489502,3076.0,2x100
