Acc,Loss,Elapsed,Nodes,Arch
97.67,8.251458893937524e-06,180.04116487503052,14766.0,6x100
