Acc,Loss,Elapsed,Nodes,Arch
97.97,0.0024882424622774124,14.544164180755615,4138.0,2x100
