Acc,Loss,Elapsed,Nodes,Arch
98.01,0.009000091813504696,5.799967050552368,3043.0,1x61-1x87
