Acc,Loss,Elapsed,Nodes,Arch
97.49,0.07492286711931229,3.3194239139556885,6012.0,1x30-1x42
