Acc,Loss,Elapsed,Nodes,Arch
97.76,0.001547658466733992,20.5500271320343,3931.0,2x100
