Acc,Loss,Elapsed,Nodes,Arch
97.47,0.01072560716420412,5.322601795196533,2940.0,2x50
