Acc,Loss,Elapsed,Nodes,Arch
97.6,6.005989052937366e-05,180.02135801315308,9827.0,6x100
