Acc,Loss,Elapsed,Nodes,Arch
98.14,0.0013320106081664562,53.50998902320862,13812.0,2x200
