Acc,Loss,Elapsed,Nodes,Arch
98.04,0.01968321204185486,5.814811944961548,3039.0,1x63-1x86
