Acc,Loss,Elapsed,Nodes,Arch
97.77,0.017686404287815094,3.451521873474121,2969.0,1x39-1x43
