Acc,Loss,Elapsed,Nodes,Arch
98.08,0.018008967861533165,4.875290870666504,2922.0,1x61-1x80
