Acc,Loss,Elapsed,Nodes,Arch
97.47,0.006292944308370352,83.05667495727539,12475.0,1x44-1x71-1x49-1x53-1x49-1x45
