Acc,Loss,Elapsed,Nodes,Arch
97.77,9.031626541400328e-05,180.03681588172913,4389.0,6x100
