Acc,Loss,Elapsed,Nodes,Arch
98.13,0.019016878679394722,6.978427886962891,2944.0,1x57-1x144
