Acc,Loss,Elapsed,Nodes,Arch
97.25,0.006010493729263544,6.404500961303711,2906.0,2x50
