Acc,Loss,Elapsed,Nodes,Arch
98.04,0.0010240235133096576,40.02509522438049,12930.0,2x200
