Acc,Loss,Elapsed,Nodes,Arch
97.73,0.04267968237400055,3.2187390327453613,5957.0,1x39-1x42
