Acc,Loss,Elapsed,Nodes,Arch
97.95,0.0013240360422059894,66.37979197502136,7426.0,2x200
